DROP DATABASE IF EXISTS `task3`;
CREATE DATABASE `task3`;
USE `task3`;

CREATE TABLE customers (
    customer_id INT PRIMARY KEY,
    first_name VARCHAR(50),
    last_name VARCHAR(50),
    email VARCHAR(100),
    state VARCHAR(50)
);

CREATE TABLE products (
    product_id INT PRIMARY KEY,
    product_name VARCHAR(100),
    price DECIMAL(10,2)
);

CREATE TABLE orders (
    order_id INT PRIMARY KEY,
    customer_id INT,
    order_date DATE,
    order_total DECIMAL(10,2),
    FOREIGN KEY (customer_id) REFERENCES customers(customer_id)
);

CREATE TABLE order_items (
    order_item_id INT PRIMARY KEY,
    order_id INT,
    product_id INT,
    quantity INT,
    FOREIGN KEY (order_id) REFERENCES orders(order_id),
    FOREIGN KEY (product_id) REFERENCES products(product_id)
);

# Insert data into customers
INSERT INTO customers (customer_id, first_name, last_name, email, state) VALUES
(1, 'Valerie', 'Watkins', 'jeffrey36@hotmail.com', 'Massachusetts'),
(2, 'Brianna', 'Powell', 'cassandrabates@hotmail.com', 'Virginia'),
(3, 'Richard', 'Baker', 'mcortez@long-king.com', 'Ohio'),
(4, 'Shelby', 'Morrison', 'emiller@sanchez.com', 'New York'),
(5, 'Kathryn', 'Hart', 'justin84@hotmail.com', 'Alaska'),
(6, 'Colleen', 'Clark', 'campbelltara@farmer-maxwell.com', 'Alabama'),
(7, 'Jamie', 'Walker', 'allenwesley@maxwell.biz', 'New Jersey'),
(8, 'Michael', 'Stone', 'julia32@schwartz.com', 'Virginia'),
(9, 'Chelsea', 'Miller', 'robert56@gmail.com', 'Washington'),
(10, 'Jennifer', 'Bailey', 'joshua26@hotmail.com', 'Mississippi'),
(11, 'Gavin', 'Allen', 'maryboone@trujillo-hernandez.org', 'Missouri'),
(12, 'Michael', 'Powell', 'danielsmith@blankenship.info', 'Rhode Island'),
(13, 'Gerald', 'Lopez', 'amber93@gmail.com', 'Alabama'),
(14, 'Kelly', 'Banks', 'smithderek@poole.com', 'Hawaii'),
(15, 'Eric', 'Lamb', 'torresrobert@hotmail.com', 'Wyoming'),
(16, 'Jennifer', 'Poole', 'craighernandez@hotmail.com', 'Wisconsin'),
(17, 'Andrew', 'Davis', 'xcobb@ruiz-jones.com', 'West Virginia'),
(18, 'Valerie', 'Fox', 'george46@hodge.net', 'South Carolina'),
(19, 'Courtney', 'Smith', 'sandersjustin@hotmail.com', 'New Jersey'),
(20, 'Jason', 'Robinson', 'michellerivera@chavez-martinez.com', 'Nevada'),
(21, 'Tonya', 'Torres', 'robertgray@yahoo.com', 'Rhode Island'),
(22, 'Toni', 'Reynolds', 'paul12@bowman.com', 'Connecticut'),
(23, 'Crystal', 'Johnson', 'tmcgee@miranda-marsh.com', 'Michigan'),
(24, 'Martin', 'Rodriguez', 'dustinweber@hernandez.info', 'North Dakota'),
(25, 'Michelle', 'Abbott', 'vasquezemily@yahoo.com', 'South Carolina'),
(26, 'Brian', 'Alexander', 'khernandez@dixon.info', 'Wyoming'),
(27, 'Jennifer', 'Jones', 'wnorton@gutierrez.com', 'Idaho'),
(28, 'Paul', 'Serrano', 'williamsjohnny@gmail.com', 'New Mexico'),
(29, 'Michael', 'Dunlap', 'sheila44@williams-hall.com', 'California'),
(30, 'David', 'Beltran', 'annablair@osborne-hines.net', 'Virginia'),
(31, 'Renee', 'Jacobs', 'batescody@hotmail.com', 'Louisiana'),
(32, 'Jennifer', 'Bruce', 'jenniferdavidson@yahoo.com', 'Illinois'),
(33, 'Brenda', 'Brock', 'courtneybennett@hotmail.com', 'Missouri'),
(34, 'Matthew', 'Lang', 'gonzalesapril@dominguez.com', 'Arizona'),
(35, 'Juan', 'Patterson', 'shawn03@gmail.com', 'Tennessee'),
(36, 'Autumn', 'Ritter', 'linda27@hotmail.com', 'Vermont'),
(37, 'Brandon', 'Fowler', 'kimberly71@gmail.com', 'Missouri'),
(38, 'Dalton', 'Bass', 'bosborne@allen.com', 'Nebraska'),
(39, 'Douglas', 'Jones', 'higginsnicholas@herrera-hoffman.org', 'North Dakota'),
(40, 'Kevin', 'Gonzales', 'jmurphy@navarro.com', 'Wisconsin'),
(41, 'Kyle', 'Smith', 'james01@yahoo.com', 'North Dakota'),
(42, 'Peter', 'Brown', 'rayjeffrey@yahoo.com', 'Oregon'),
(43, 'Michael', 'Thompson', 'natasha61@stewart.com', 'Wyoming'),
(44, 'Michael', 'Price', 'mollyjohnson@hotmail.com', 'New York'),
(45, 'Roger', 'Odonnell', 'turnerjason@jordan-rhodes.com', 'Rhode Island'),
(46, 'Alisha', 'Lee', 'andersoncorey@hotmail.com', 'Tennessee'),
(47, 'Sarah', 'Thompson', 'gabriel72@singh.biz', 'Montana'),
(48, 'Patrick', 'Allen', 'xross@williams.com', 'Oregon'),
(49, 'Gary', 'Rogers', 'dgregory@golden.info', 'Texas'),
(50, 'Julia', 'Bailey', 'jordanfox@yahoo.com', 'Texas');

# Insert data into products
INSERT INTO products (product_id, product_name, price) VALUES
(101, 'Laptop', 125.09),
(102, 'Smartphone', 1245.1),
(103, 'Headphones', 1272.19),
(104, 'Tablet', 1499.78),
(105, 'Camera', 1446.88),
(106, 'Smartwatch', 101.62),
(107, 'Printer', 1604.25),
(108, 'Monitor', 1782.32),
(109, 'Keyboard', 1205.23),
(110, 'Mouse', 931.32),
(111, 'Speaker', 1446.45),
(112, 'Router', 1134.44),
(113, 'SSD', 746.4),
(114, 'Hard Drive', 650.15),
(115, 'Graphics Card', 1347.4),
(116, 'Motherboard', 233.27),
(117, 'Processor', 1581.32),
(118, 'RAM', 414.35),
(119, 'Charger', 340.77),
(120, 'Power Bank', 1836.64);

# Insert data into orders
INSERT INTO orders (order_id, customer_id, order_date, order_total) VALUES
(1001, 37, '2024-09-04', 3244.45),
(1002, 44, '2024-07-21', 4270.26),
(1003, 37, '2025-03-06', 3832.6),
(1004, 39, '2025-01-08', 502.12),
(1005, 33, '2024-08-09', 3032.03),
(1006, 36, '2025-02-27', 1171.1),
(1007, 28, '2024-09-10', 1627.41),
(1008, 5, '2024-06-02', 2475.15),
(1009, 8, '2025-04-20', 2122.18),
(1010, 24, '2025-03-14', 1500.29),
(1011, 42, '2024-11-26', 3337.0),
(1012, 24, '2025-04-23', 4522.21),
(1013, 3, '2024-09-18', 3375.1),
(1014, 4, '2024-06-20', 2506.7),
(1015, 38, '2024-06-07', 2654.19),
(1016, 17, '2025-02-17', 535.54),
(1017, 47, '2025-02-18', 4173.2),
(1018, 36, '2025-04-07', 436.61),
(1019, 23, '2025-03-28', 885.66),
(1020, 29, '2025-03-21', 2491.42),
(1021, 42, '2024-05-16', 2686.42),
(1022, 13, '2024-05-28', 2555.13),
(1023, 38, '2024-09-25', 4015.65),
(1024, 27, '2024-06-22', 1094.85),
(1025, 1, '2024-12-18', 145.21),
(1026, 5, '2024-10-10', 967.39),
(1027, 40, '2025-02-21', 1202.88),
(1028, 31, '2024-12-28', 273.72),
(1029, 14, '2024-09-08', 2174.26),
(1030, 9, '2025-01-20', 1936.05),
(1031, 8, '2025-04-06', 50.05),
(1032, 13, '2025-02-03', 4916.09),
(1033, 17, '2024-05-03', 809.75),
(1034, 35, '2024-05-21', 2951.05),
(1035, 43, '2024-09-29', 408.23),
(1036, 17, '2025-01-23', 3434.14),
(1037, 6, '2025-03-27', 2344.93),
(1038, 1, '2024-11-10', 4947.95),
(1039, 9, '2024-07-18', 4495.83),
(1040, 38, '2024-09-03', 1277.56),
(1041, 1, '2024-11-25', 380.33),
(1042, 28, '2024-12-28', 3036.25),
(1043, 42, '2024-12-30', 3647.03),
(1044, 38, '2024-12-05', 1661.98),
(1045, 16, '2024-09-07', 2057.0),
(1046, 38, '2024-04-27', 532.02),
(1047, 3, '2024-06-03', 3534.42),
(1048, 11, '2024-07-25', 1171.74),
(1049, 37, '2024-05-04', 4956.86),
(1050, 38, '2024-06-07', 4252.35);

# Insert data into order_items
INSERT INTO order_items (order_item_id, order_id, product_id, quantity) VALUES
(5001, 1024, 113, 2),
(5002, 1024, 103, 1),
(5003, 1023, 101, 4),
(5004, 1047, 109, 1),
(5005, 1043, 105, 4),
(5006, 1014, 107, 4),
(5007, 1010, 103, 3),
(5008, 1050, 102, 3),
(5009, 1023, 116, 4),
(5010, 1050, 113, 2),
(5011, 1043, 116, 3),
(5012, 1042, 119, 3),
(5013, 1022, 107, 3),
(5014, 1028, 110, 4),
(5015, 1004, 115, 5),
(5016, 1035, 115, 5),
(5017, 1031, 119, 3),
(5018, 1003, 111, 2),
(5019, 1032, 114, 5),
(5020, 1015, 116, 2),
(5021, 1046, 112, 3),
(5022, 1017, 103, 5),
(5023, 1001, 105, 4),
(5024, 1048, 107, 5),
(5025, 1012, 113, 5),
(5026, 1043, 108, 5),
(5027, 1020, 114, 4),
(5028, 1046, 117, 2),
(5029, 1041, 107, 4),
(5030, 1050, 109, 4),
(5031, 1048, 117, 5),
(5032, 1040, 115, 5),
(5033, 1020, 118, 3),
(5034, 1047, 120, 4),
(5035, 1041, 107, 2),
(5036, 1001, 114, 2),
(5037, 1014, 107, 2),
(5038, 1022, 105, 2),
(5039, 1050, 103, 5),
(5040, 1047, 105, 5),
(5041, 1003, 107, 1),
(5042, 1021, 109, 5),
(5043, 1028, 115, 3),
(5044, 1021, 109, 3),
(5045, 1007, 120, 5),
(5046, 1045, 103, 5),
(5047, 1034, 105, 1),
(5048, 1049, 110, 1),
(5049, 1015, 118, 3),
(5050, 1035, 120, 3),
(5051, 1035, 105, 1),
(5052, 1013, 114, 1),
(5053, 1003, 107, 3),
(5054, 1008, 112, 3),
(5055, 1018, 119, 5),
(5056, 1024, 104, 4),
(5057, 1025, 107, 2),
(5058, 1030, 112, 4),
(5059, 1020, 114, 2),
(5060, 1048, 113, 2),
(5061, 1041, 102, 5),
(5062, 1030, 114, 3),
(5063, 1016, 117, 4),
(5064, 1008, 101, 2),
(5065, 1018, 119, 2),
(5066, 1017, 111, 5),
(5067, 1037, 114, 4),
(5068, 1030, 112, 3),
(5069, 1027, 116, 4),
(5070, 1002, 101, 2),
(5071, 1005, 108, 1),
(5072, 1041, 115, 4),
(5073, 1014, 115, 3),
(5074, 1031, 118, 1),
(5075, 1041, 119, 1),
(5076, 1009, 117, 2),
(5077, 1049, 106, 5),
(5078, 1016, 106, 2),
(5079, 1007, 101, 2),
(5080, 1013, 108, 4),
(5081, 1006, 110, 5),
(5082, 1007, 105, 1),
(5083, 1046, 112, 3),
(5084, 1046, 116, 5),
(5085, 1040, 117, 4),
(5086, 1018, 109, 2),
(5087, 1009, 114, 3),
(5088, 1050, 101, 3),
(5089, 1001, 101, 5),
(5090, 1045, 114, 2),
(5091, 1042, 115, 3),
(5092, 1042, 112, 1),
(5093, 1006, 119, 1),
(5094, 1031, 104, 4),
(5095, 1001, 109, 2),
(5096, 1024, 112, 2),
(5097, 1049, 112, 3),
(5098, 1009, 110, 4),
(5099, 1039, 113, 2),
(5100, 1024, 101, 1);
